frame_number,track_id,class_name,speed_kph,pixel_distance_per_frame
26,1,car,95.93,12.81
27,1,car,108.04,14.42
28,1,car,117.01,15.62
29,1,car,122.86,16.4
30,1,car,133.37,17.8
31,1,car,155.88,20.81
32,1,car,162.05,21.63
33,1,car,164.29,21.93
34,1,car,192.01,25.63
57,14,car,150.75,20.12
58,14,car,251.7,33.6
59,2,car,97.67,13.04
59,14,car,234.02,31.24
60,2,car,101.89,13.6
60,14,car,218.78,29.21
61,2,car,112.36,15.0
61,14,car,190.69,25.46
62,2,car,112.36,15.0
62,14,car,164.97,22.02
63,2,car,128.88,17.2
63,14,car,148.31,19.8
64,2,car,139.34,18.6
64,14,car,138.13,18.44
65,2,car,139.34,18.6
65,14,car,127.57,17.03
66,2,car,155.88,20.81
66,14,car,100.78,13.45
67,2,car,150.75,20.12
67,14,car,106.47,14.21
68,2,car,151.68,20.25
68,14,car,117.01,15.62
69,2,car,205.69,27.46
69,14,car,74.91,10.0
70,2,car,251.7,33.6
70,14,car,91.44,12.21
71,2,car,190.98,25.5
71,14,car,91.44,12.21
72,2,car,193.32,25.81
72,14,car,63.56,8.49
73,14,car,54.02,7.21
74,14,car,74.91,10.0
75,14,car,74.91,10.0
76,14,car,52.97,7.07
77,14,car,47.97,6.4
78,14,car,52.97,7.07
79,14,car,52.97,7.07
80,14,car,37.45,5.0
81,14,car,64.44,8.6
82,14,car,47.97,6.4
83,14,car,27.01,3.61
84,14,car,42.37,5.66
85,14,car,37.45,5.0
86,14,car,31.78,4.24
87,14,car,21.19,2.83
88,14,car,27.01,3.61
89,14,car,37.45,5.0
90,14,car,33.5,4.47
91,14,car,29.96,4.0
92,14,car,21.19,2.83
93,14,car,27.01,3.61
94,14,car,27.01,3.61
110,23,car,112.36,15.0
111,23,car,118.44,15.81
112,23,car,118.44,15.81
113,23,car,131.04,17.49
114,23,car,139.34,18.6
115,23,car,151.68,20.25
116,23,car,172.45,23.02
117,23,car,170.98,22.83
118,23,car,166.33,22.2
119,23,car,286.23,38.21
120,23,car,218.78,29.21
127,36,car,155.88,20.81
128,36,car,234.02,31.24
129,36,car,217.75,29.07
130,36,car,202.39,27.02
131,36,car,185.47,24.76
132,36,car,159.26,21.26
133,36,car,154.43,20.62
134,36,car,138.13,18.44
135,36,car,121.94,16.28
136,36,car,117.01,15.62
137,36,car,127.57,17.03
138,36,car,69.06,9.22
139,36,car,95.93,12.81
140,36,car,87.36,11.66
141,36,car,85.41,11.4
142,36,car,74.91,10.0
143,36,car,69.06,9.22
144,36,car,64.44,8.6
145,36,car,63.56,8.49
146,36,car,58.51,7.81
147,36,car,43.68,5.83
148,36,car,52.97,7.07
149,36,car,52.97,7.07
150,36,car,47.97,6.4
151,36,car,52.97,7.07
152,36,car,54.02,7.21
153,36,car,43.68,5.83
154,36,car,33.5,4.47
155,36,car,33.5,4.47
156,36,car,31.78,4.24
157,36,car,42.37,5.66
158,36,car,27.01,3.61
159,36,car,30.89,4.12
160,36,car,43.68,5.83
189,25,car,112.36,15.0
190,25,car,122.86,16.4
191,25,car,135.04,18.03
192,25,car,139.34,18.6
193,25,car,145.45,19.42
194,25,car,168.34,22.47
195,25,car,182.88,24.41
196,25,car,169.0,22.56
197,25,car,223.48,29.83
198,25,car,243.89,32.56
199,25,car,203.77,27.2
200,25,car,194.33,25.94
232,34,car,134.0,17.89
233,34,car,140.74,18.79
234,34,car,164.46,21.95
235,34,car,167.5,22.36
236,34,car,184.25,24.6
237,34,car,160.31,21.4
238,34,car,114.34,15.26
239,34,car,107.25,14.32
240,34,car,137.72,18.38
241,34,car,191.42,25.55
254,46,car,97.67,13.04
255,46,car,111.36,14.87
256,46,car,108.04,14.42
257,46,car,87.36,11.66
258,46,car,151.68,20.25
259,46,car,166.33,22.2
260,46,car,174.72,23.32
261,46,car,185.01,24.7
262,46,car,194.76,26.0
287,89,car,106.47,14.21
288,89,car,105.94,14.14
289,89,car,95.93,12.81
290,89,car,85.41,11.4
291,89,car,164.46,21.95
292,89,car,166.33,22.2
293,89,car,227.83,30.41
294,89,car,212.93,28.43
295,89,car,204.6,27.31
296,102,car,208.27,27.8
297,102,car,218.78,29.21
298,102,car,196.63,26.25
299,102,car,169.83,22.67
300,102,car,174.88,23.35
301,102,car,143.11,19.1
302,77,car,120.79,16.12
302,102,car,121.94,16.28
303,77,car,135.04,18.03
303,102,car,116.53,15.56
304,77,car,144.09,19.24
304,102,car,121.94,16.28
305,77,car,158.02,21.1
305,102,car,100.78,13.45
306,77,car,164.46,21.95
306,102,car,95.34,12.73
307,77,car,189.06,25.24
307,102,car,90.2,12.04
308,77,car,244.58,32.65
308,102,car,100.78,13.45
309,77,car,147.55,19.7
309,102,car,74.16,9.9
310,77,car,60.39,8.06
310,102,car,74.91,10.0
311,77,car,268.0,35.78
311,91,car,95.93,12.81
311,102,car,69.06,9.22
312,77,car,234.5,31.3
312,91,car,100.78,13.45
312,102,car,69.06,9.22
313,91,car,111.36,14.87
313,102,car,52.97,7.07
314,91,car,90.51,12.08
314,102,car,69.06,9.22
315,91,car,94.75,12.65
315,102,car,63.56,8.49
316,91,car,182.88,24.41
316,102,car,42.37,5.66
317,91,car,218.4,29.15
317,102,car,63.56,8.49
318,91,car,197.91,26.42
318,102,car,37.45,5.0
319,91,car,190.98,25.5
319,102,car,52.97,7.07
320,91,car,208.67,27.86
320,102,car,42.37,5.66
321,102,car,47.97,6.4
322,102,car,30.89,4.12
323,102,car,60.39,8.06
324,102,car,43.68,5.83
325,102,car,31.78,4.24
326,102,car,31.78,4.24
327,102,car,27.01,3.61
328,102,car,40.34,5.39
329,102,car,21.19,2.83
330,102,car,31.78,4.24
331,102,car,37.45,5.0
332,102,car,40.34,5.39
333,102,car,22.47,3.0
334,102,car,73.78,9.85
335,102,car,33.5,4.47
336,102,car,30.89,4.12
337,102,car,27.01,3.61
338,102,car,23.69,3.16
339,102,car,16.75,2.24
340,102,car,21.19,2.83
341,102,car,21.19,2.83
342,102,car,16.75,2.24
343,102,car,27.01,3.61
344,102,car,21.19,2.83
345,102,car,33.5,4.47
346,102,car,22.47,3.0
347,102,car,21.19,2.83
348,102,car,10.59,1.41
349,102,car,16.75,2.24
350,102,car,10.59,1.41
351,102,car,16.75,2.24
352,102,car,7.49,1.0
353,102,car,14.98,2.0
354,102,car,7.49,1.0
355,102,car,10.59,1.41
356,102,car,7.49,1.0
357,102,car,16.75,2.24
358,102,car,16.75,2.24
359,102,car,16.75,2.24
360,102,car,16.75,2.24
361,102,car,10.59,1.41
362,102,car,10.59,1.41
363,102,car,7.49,1.0
364,102,car,21.19,2.83
365,102,car,10.59,1.41
366,102,car,16.75,2.24
367,102,car,10.59,1.41
368,102,car,10.59,1.41
369,102,car,10.59,1.41
370,102,car,7.49,1.0
371,102,car,10.59,1.41
372,102,car,10.59,1.41
373,102,car,7.49,1.0
374,102,car,10.59,1.41
375,102,car,0.0,0.0
376,102,car,10.59,1.41
377,102,car,7.49,1.0
378,102,car,7.49,1.0
379,102,car,14.98,2.0
380,102,car,10.59,1.41
381,102,car,7.49,1.0
382,102,car,10.59,1.41
383,102,car,7.49,1.0
384,102,car,10.59,1.41
385,102,car,14.98,2.0
452,123,car,106.47,14.21
453,123,car,106.47,14.21
454,123,car,118.44,15.81
455,123,car,133.37,17.8
456,115,car,147.74,19.72
456,123,car,155.88,20.81
457,115,car,150.75,20.12
457,123,car,154.43,20.62
458,115,car,170.98,22.83
458,123,car,174.72,23.32
459,115,car,181.18,24.19
459,123,car,185.01,24.7
460,115,car,197.91,26.42
460,123,car,225.35,30.08
461,115,car,170.82,22.8
462,115,car,117.25,15.65
494,149,car,121.02,16.16
495,149,car,127.57,17.03
496,149,car,151.68,20.25
496,151,truck,112.36,15.0
497,134,car,100.78,13.45
497,149,car,141.34,18.87
497,151,truck,128.88,17.2
498,134,car,108.04,14.42
498,149,car,131.04,17.49
498,151,truck,131.04,17.49
499,134,car,111.36,14.87
499,149,car,117.25,15.65
499,151,bus,112.36,15.0
500,134,car,82.74,11.05
500,149,car,104.07,13.89
500,151,truck,97.67,13.04
501,134,car,143.11,19.1
501,149,car,97.67,13.04
501,151,bus,97.67,13.04
502,134,car,227.83,30.41
502,149,car,87.36,11.66
502,151,truck,87.36,11.66
503,134,car,208.13,27.78
503,149,car,91.44,12.21
503,151,bus,91.44,12.21
504,134,car,208.13,27.78
504,149,car,73.78,9.85
504,151,bus,70.67,9.43
505,134,car,201.7,26.93
505,149,car,64.44,8.6
505,151,truck,70.67,9.43
506,149,car,77.12,10.3
506,151,truck,70.67,9.43
507,149,car,64.44,8.6
507,151,truck,47.97,6.4
508,149,car,57.05,7.62
508,151,truck,64.44,8.6
509,149,car,67.0,8.94
509,151,truck,54.02,7.21
510,149,car,73.78,9.85
510,151,truck,47.97,6.4
511,149,car,43.68,5.83
511,151,bus,43.68,5.83
511,154,car,140.74,18.79
512,149,car,37.45,5.0
512,151,bus,47.97,6.4
512,154,car,154.43,20.62
513,149,car,47.38,6.32
513,151,bus,43.68,5.83
513,154,car,172.45,23.02
514,149,car,47.97,6.4
514,151,bus,43.68,5.83
514,154,car,162.05,21.63
515,149,car,40.34,5.39
515,151,bus,33.5,4.47
515,154,car,141.34,18.87
516,149,car,50.25,6.71
516,151,bus,33.5,4.47
516,154,car,124.67,16.64
517,149,car,37.45,5.0
517,151,bus,31.78,4.24
517,154,car,118.44,15.81
518,149,car,50.25,6.71
518,151,bus,114.59,15.3
518,154,car,104.07,13.89
519,149,car,43.68,5.83
519,151,truck,107.25,14.32
519,154,car,97.67,13.04
520,149,car,33.5,4.47
520,151,truck,101.89,13.6
520,154,car,101.89,13.6
521,149,car,33.5,4.47
521,151,bus,99.94,13.34
521,154,car,81.03,10.82
522,149,car,23.69,3.16
522,151,bus,97.38,13.0
522,154,car,85.41,11.4
523,149,car,10.59,1.41
523,151,bus,78.21,10.44
523,154,car,67.0,8.94
524,149,car,16.75,2.24
524,151,bus,83.75,11.18
524,154,car,79.63,10.63
525,149,car,27.01,3.61
525,151,bus,76.39,10.2
525,154,car,73.78,9.85
526,149,car,16.75,2.24
526,151,bus,75.28,10.05
526,154,car,54.02,7.21
527,149,car,33.5,4.47
527,151,bus,69.06,9.22
527,154,car,54.02,7.21
528,149,car,27.01,3.61
528,151,bus,54.53,7.28
528,154,car,54.02,7.21
529,149,car,21.19,2.83
529,151,bus,57.05,7.62
529,154,car,47.97,6.4
530,149,car,33.5,4.47
530,151,bus,54.53,7.28
530,154,car,42.37,5.66
531,149,car,23.69,3.16
531,151,bus,47.38,6.32
531,154,car,58.51,7.81
532,149,car,21.19,2.83
532,151,bus,54.53,7.28
532,154,car,30.89,4.12
533,149,car,16.75,2.24
533,151,bus,50.25,6.71
533,154,car,43.68,5.83
534,149,car,23.69,3.16
534,151,truck,45.57,6.08
534,154,car,42.37,5.66
535,149,car,16.75,2.24
535,151,bus,47.38,6.32
535,154,car,33.5,4.47
535,164,car,112.61,15.03
536,149,car,10.59,1.41
536,151,bus,40.34,5.39
536,154,car,33.5,4.47
536,164,car,135.04,18.03
537,149,car,10.59,1.41
537,151,bus,44.95,6.0
537,154,car,47.38,6.32
537,164,car,196.63,26.25
538,149,car,16.75,2.24
538,151,bus,30.89,4.12
538,154,car,54.02,7.21
538,164,car,170.82,22.8
539,149,car,14.98,2.0
539,151,bus,40.34,5.39
539,154,car,27.01,3.61
539,164,car,135.04,18.03
540,149,car,16.75,2.24
540,151,bus,29.96,4.0
540,154,car,27.01,3.61
540,164,car,112.36,15.0
541,149,car,16.75,2.24
541,151,bus,43.68,5.83
541,154,car,27.01,3.61
541,164,car,114.34,15.26
542,149,car,27.01,3.61
542,151,bus,33.5,4.47
542,154,car,22.47,3.0
542,164,car,106.47,14.21
543,149,car,10.59,1.41
543,151,bus,30.89,4.12
543,154,car,16.75,2.24
543,164,car,91.44,12.21
544,149,car,21.19,2.83
544,151,bus,27.01,3.61
544,154,car,21.19,2.83
544,164,car,90.2,12.04
545,149,car,10.59,1.41
545,151,truck,33.5,4.47
545,154,car,31.78,4.24
545,164,car,90.51,12.08
546,149,car,10.59,1.41
546,151,bus,30.89,4.12
546,154,car,21.19,2.83
546,164,car,67.0,8.94
547,149,car,14.98,2.0
547,151,bus,23.69,3.16
547,154,car,16.75,2.24
547,164,car,83.75,11.18
548,149,car,16.75,2.24
548,151,bus,30.89,4.12
548,154,car,27.01,3.61
548,164,car,54.02,7.21
549,149,car,22.47,3.0
549,151,bus,16.75,2.24
549,154,car,14.98,2.0
549,164,car,70.67,9.43
550,149,car,7.49,1.0
550,151,bus,38.2,5.1
550,154,car,16.75,2.24
550,164,car,73.78,9.85
551,149,car,16.75,2.24
551,151,bus,38.2,5.1
551,154,car,21.19,2.83
551,164,car,58.51,7.81
552,149,car,16.75,2.24
552,151,bus,23.69,3.16
552,154,car,21.19,2.83
552,164,car,33.5,4.47
553,149,car,14.98,2.0
553,151,bus,23.69,3.16
553,154,car,16.75,2.24
553,164,car,54.02,7.21
554,149,car,0.0,0.0
554,151,bus,16.75,2.24
554,154,car,16.75,2.24
554,164,car,52.97,7.07
555,149,car,22.47,3.0
555,151,bus,27.01,3.61
555,154,car,23.69,3.16
555,164,car,47.97,6.4
556,149,car,23.69,3.16
556,151,bus,21.19,2.83
556,154,car,16.75,2.24
556,164,car,43.68,5.83
557,149,car,16.75,2.24
557,151,bus,16.75,2.24
557,154,car,16.75,2.24
557,164,car,33.5,4.47
558,151,bus,14.98,2.0
558,154,car,23.69,3.16
558,164,car,57.05,7.62
559,151,bus,27.01,3.61
559,154,car,10.59,1.41
559,164,car,54.02,7.21
560,151,bus,27.01,3.61
560,154,car,7.49,1.0
560,164,car,27.01,3.61
561,151,bus,23.69,3.16
561,154,car,14.98,2.0
561,164,car,30.89,4.12
562,151,bus,21.19,2.83
562,154,car,10.59,1.41
562,164,car,33.5,4.47
563,151,bus,14.98,2.0
563,154,car,10.59,1.41
563,164,car,21.19,2.83
563,149,car,77.12,10.3
564,151,bus,7.49,1.0
564,154,car,16.75,2.24
564,164,car,23.69,3.16
564,149,car,30.89,4.12
565,151,bus,14.98,2.0
565,154,car,16.75,2.24
565,164,car,21.19,2.83
566,151,bus,16.75,2.24
566,154,car,16.75,2.24
566,164,car,43.68,5.83
566,193,car,147.74,19.72
567,151,bus,7.49,1.0
567,154,car,16.75,2.24
567,164,car,21.19,2.83
567,193,car,317.46,42.38
568,151,bus,21.19,2.83
568,154,car,10.59,1.41
568,164,car,23.69,3.16
568,193,car,127.12,16.97
569,151,bus,16.75,2.24
569,154,car,16.75,2.24
569,164,car,27.01,3.61
569,193,car,106.47,14.21
570,151,bus,10.59,1.41
570,154,car,7.49,1.0
570,164,car,23.69,3.16
570,193,car,105.94,14.14
571,151,bus,10.59,1.41
571,154,car,27.01,3.61
571,164,car,33.5,4.47
571,193,car,91.44,12.21
572,151,bus,16.75,2.24
572,154,car,7.49,1.0
572,164,car,29.96,4.0
572,193,car,100.78,13.45
573,151,bus,7.49,1.0
573,154,car,14.98,2.0
573,164,car,27.01,3.61
573,193,car,104.07,13.89
574,151,bus,7.49,1.0
574,154,car,14.98,2.0
574,164,car,27.01,3.61
574,193,car,95.93,12.81
575,151,bus,16.75,2.24
575,154,car,7.49,1.0
575,164,car,7.49,1.0
575,193,car,70.67,9.43
576,151,bus,16.75,2.24
576,154,car,16.75,2.24
576,164,car,16.75,2.24
576,193,car,90.2,12.04
577,151,bus,7.49,1.0
577,154,car,10.59,1.41
577,164,car,16.75,2.24
577,193,car,67.0,8.94
578,151,truck,16.75,2.24
578,154,car,10.59,1.41
578,164,car,16.75,2.24
578,193,car,70.67,9.43
579,151,truck,10.59,1.41
579,154,car,16.75,2.24
579,164,car,23.69,3.16
579,193,car,77.12,10.3
580,151,truck,14.98,2.0
580,154,car,10.59,1.41
580,164,car,16.75,2.24
580,193,car,67.0,8.94
581,151,truck,16.75,2.24
581,154,car,21.19,2.83
581,164,car,16.75,2.24
581,193,car,47.97,6.4
582,154,car,7.49,1.0
582,164,car,16.75,2.24
582,193,car,54.02,7.21
582,205,car,120.09,16.03
583,154,car,21.19,2.83
583,164,car,10.59,1.41
583,193,car,33.5,4.47
583,205,car,150.01,20.02
583,151,bus,14.98,2.0
584,154,car,10.59,1.41
584,164,car,10.59,1.41
584,193,car,50.25,6.71
584,205,car,222.47,29.7
584,151,bus,10.59,1.41
585,154,car,16.75,2.24
585,164,car,16.75,2.24
585,193,car,43.68,5.83
585,205,car,202.39,27.02
585,151,bus,7.49,1.0
586,164,car,7.49,1.0
586,193,car,52.97,7.07
586,205,car,116.53,15.56
586,151,bus,7.49,1.0
587,164,car,16.75,2.24
587,193,car,47.38,6.32
587,205,car,133.37,17.8
587,151,bus,16.75,2.24
588,164,car,22.47,3.0
588,193,car,33.5,4.47
588,205,car,97.67,13.04
588,151,bus,7.49,1.0
589,164,car,10.59,1.41
589,193,car,42.37,5.66
589,205,car,114.34,15.26
589,151,bus,7.49,1.0
590,164,car,29.96,4.0
590,193,car,57.05,7.62
590,205,car,91.44,12.21
590,151,bus,7.49,1.0
591,164,car,10.59,1.41
591,193,car,14.98,2.0
591,205,car,91.44,12.21
591,151,bus,7.49,1.0
592,164,car,7.49,1.0
592,193,car,27.01,3.61
592,205,car,85.41,11.4
592,151,bus,10.59,1.41
593,164,car,16.75,2.24
593,193,car,37.45,5.0
593,205,car,70.67,9.43
593,151,bus,16.75,2.24
594,164,car,30.89,4.12
594,193,car,21.19,2.83
594,205,car,64.44,8.6
594,151,bus,0.0,0.0
595,152,car,121.94,16.28
595,164,car,45.57,6.08
595,193,car,38.2,5.1
595,205,car,87.36,11.66
595,151,bus,7.49,1.0
596,152,car,121.94,16.28
596,164,car,112.61,15.03
596,193,car,27.01,3.61
596,205,car,87.68,11.7
596,151,bus,7.49,1.0
596,215,car,170.82,22.8
597,152,car,138.13,18.44
597,164,car,44.95,6.0
597,193,car,21.19,2.83
597,205,car,47.97,6.4
597,151,bus,10.59,1.41
597,215,car,190.98,25.5
598,152,car,114.1,15.23
598,164,car,14.98,2.0
598,193,car,23.69,3.16
598,205,car,43.68,5.83
598,151,bus,7.49,1.0
598,215,car,180.4,24.08
599,152,car,154.43,20.62
599,164,car,7.49,1.0
599,193,car,10.59,1.41
599,205,car,54.02,7.21
599,151,bus,10.59,1.41
599,215,car,180.4,24.08
600,152,car,244.58,32.65
600,164,car,14.98,2.0
600,193,car,27.01,3.61
600,205,car,27.01,3.61
600,151,bus,10.59,1.41
600,215,car,154.43,20.62
601,152,car,251.81,33.62
601,164,car,21.19,2.83
601,193,car,33.5,4.47
601,205,car,52.97,7.07
601,151,bus,7.49,1.0
601,215,car,166.33,22.2
602,164,car,0.0,0.0
602,193,car,33.5,4.47
602,205,car,47.97,6.4
602,151,bus,10.59,1.41
602,215,car,138.13,18.44
603,164,car,10.59,1.41
603,193,car,27.01,3.61
603,205,car,37.45,5.0
603,151,bus,0.0,0.0
603,215,car,127.57,17.03
604,164,car,14.98,2.0
604,193,car,22.47,3.0
604,205,car,43.68,5.83
604,151,truck,21.19,2.83
604,215,car,132.53,17.69
605,164,car,7.49,1.0
605,193,car,10.59,1.41
605,205,car,37.45,5.0
605,151,truck,10.59,1.41
605,215,car,112.36,15.0
606,164,car,0.0,0.0
606,193,car,21.19,2.83
606,205,car,40.34,5.39
606,151,truck,10.59,1.41
606,215,car,95.93,12.81
607,164,car,10.59,1.41
607,193,car,16.75,2.24
607,205,car,31.78,4.24
607,151,truck,7.49,1.0
607,215,car,101.89,13.6
608,164,car,7.49,1.0
608,193,car,21.19,2.83
608,205,car,40.34,5.39
608,151,truck,7.49,1.0
608,215,car,91.44,12.21
609,164,car,7.49,1.0
609,193,car,27.01,3.61
609,205,car,21.19,2.83
609,151,truck,7.49,1.0
609,215,car,85.41,11.4
610,164,car,10.59,1.41
610,193,car,14.98,2.0
610,205,car,27.01,3.61
610,151,truck,7.49,1.0
610,215,car,100.78,13.45
611,164,car,7.49,1.0
611,193,car,22.47,3.0
611,205,car,33.5,4.47
611,215,car,69.06,9.22
611,231,car,121.94,16.28
612,164,car,23.69,3.16
612,193,car,10.59,1.41
612,205,car,16.75,2.24
612,215,car,73.78,9.85
612,231,car,170.82,22.8
612,151,bus,7.49,1.0
613,164,car,0.0,0.0
613,193,car,16.75,2.24
613,205,car,30.89,4.12
613,215,car,64.44,8.6
613,231,car,197.91,26.42
613,151,bus,7.49,1.0
614,164,car,0.0,0.0
614,193,car,16.75,2.24
614,205,car,21.19,2.83
614,215,car,69.06,9.22
614,231,car,164.46,21.95
614,151,bus,7.49,1.0
615,164,car,7.49,1.0
615,193,car,7.49,1.0
615,205,car,33.5,4.47
615,215,car,69.06,9.22
615,231,car,127.57,17.03
615,151,bus,7.49,1.0
616,164,car,10.59,1.41
616,193,car,31.78,4.24
616,205,car,31.78,4.24
616,215,car,64.44,8.6
616,231,car,122.86,16.4
616,151,bus,7.49,1.0
617,164,car,10.59,1.41
617,193,car,10.59,1.41
617,205,car,33.5,4.47
617,215,car,52.97,7.07
617,231,car,108.04,14.42
617,151,bus,0.0,0.0
618,164,car,7.49,1.0
618,193,car,21.19,2.83
618,205,car,23.69,3.16
618,215,car,43.68,5.83
618,231,car,112.36,15.0
618,151,truck,0.0,0.0
619,164,car,7.49,1.0
619,193,car,7.49,1.0
619,205,car,23.69,3.16
619,215,car,58.51,7.81
619,231,car,93.86,12.53
619,151,truck,0.0,0.0
620,164,car,14.98,2.0
620,193,car,21.19,2.83
620,205,car,27.01,3.61
620,215,car,54.02,7.21
620,231,car,91.44,12.21
620,151,truck,7.49,1.0
621,164,car,7.49,1.0
621,193,car,7.49,1.0
621,205,car,16.75,2.24
621,215,car,52.97,7.07
621,231,car,90.2,12.04
621,151,truck,7.49,1.0
622,164,car,0.0,0.0
622,193,car,7.49,1.0
622,205,car,23.69,3.16
622,215,car,54.02,7.21
622,231,car,87.36,11.66
622,151,truck,7.49,1.0
623,164,car,0.0,0.0
623,193,car,21.19,2.83
623,205,car,14.98,2.0
623,215,car,42.37,5.66
623,231,car,64.44,8.6
623,151,truck,7.49,1.0
624,164,car,16.75,2.24
624,193,car,22.47,3.0
624,205,car,27.01,3.61
624,215,car,30.89,4.12
624,231,car,77.12,10.3
624,151,bus,10.59,1.41
625,164,car,0.0,0.0
625,193,car,7.49,1.0
625,205,car,0.0,0.0
625,215,car,47.97,6.4
625,231,car,67.0,8.94
625,151,bus,10.59,1.41
626,164,car,0.0,0.0
626,193,car,0.0,0.0
626,205,car,14.98,2.0
626,215,car,31.78,4.24
626,231,car,58.51,7.81
626,151,bus,7.49,1.0
627,164,car,10.59,1.41
627,193,car,14.98,2.0
627,205,car,47.38,6.32
627,215,car,47.97,6.4
627,231,car,58.51,7.81
627,151,truck,10.59,1.41
628,164,car,14.98,2.0
628,193,car,10.59,1.41
628,205,car,27.01,3.61
628,215,car,37.45,5.0
628,231,car,37.45,5.0
628,151,bus,0.0,0.0
629,164,car,16.75,2.24
629,193,car,16.75,2.24
629,205,car,16.75,2.24
629,215,car,27.01,3.61
629,231,car,57.05,7.62
629,151,bus,7.49,1.0
630,164,car,7.49,1.0
630,193,car,14.98,2.0
630,205,car,16.75,2.24
630,215,car,37.45,5.0
630,231,car,52.97,7.07
630,151,truck,7.49,1.0
631,164,car,0.0,0.0
631,193,car,10.59,1.41
631,205,car,14.98,2.0
631,215,car,21.19,2.83
631,231,car,33.5,4.47
631,151,truck,7.49,1.0
632,164,car,7.49,1.0
632,193,car,10.59,1.41
632,205,car,7.49,1.0
632,215,car,47.97,6.4
632,231,car,40.34,5.39
632,151,truck,7.49,1.0
633,164,car,16.75,2.24
633,193,car,10.59,1.41
633,205,car,16.75,2.24
633,215,car,21.19,2.83
633,231,car,29.96,4.0
633,151,truck,10.59,1.41
634,164,car,7.49,1.0
634,193,car,7.49,1.0
634,205,car,10.59,1.41
634,215,car,27.01,3.61
634,231,car,54.02,7.21
634,151,truck,7.49,1.0
635,164,car,10.59,1.41
635,193,car,10.59,1.41
635,205,car,30.89,4.12
635,215,car,27.01,3.61
635,231,car,47.97,6.4
635,151,truck,0.0,0.0
636,164,truck,16.75,2.24
636,205,car,7.49,1.0
636,215,car,27.01,3.61
636,231,car,40.34,5.39
636,151,truck,7.49,1.0
637,164,car,7.49,1.0
637,205,car,7.49,1.0
637,215,car,27.01,3.61
637,231,car,16.75,2.24
637,151,truck,0.0,0.0
637,193,car,22.47,3.0
638,164,truck,7.49,1.0
638,205,car,0.0,0.0
638,215,car,33.5,4.47
638,231,car,47.97,6.4
638,151,truck,7.49,1.0
639,205,car,23.69,3.16
639,215,car,27.01,3.61
639,231,car,31.78,4.24
639,151,truck,7.49,1.0
640,205,car,23.69,3.16
640,215,car,16.75,2.24
640,231,car,30.89,4.12
640,151,truck,10.59,1.41
641,205,car,0.0,0.0
641,215,car,27.01,3.61
641,231,car,33.5,4.47
641,151,truck,0.0,0.0
642,205,car,14.98,2.0
642,215,car,16.75,2.24
642,231,car,33.5,4.47
642,151,truck,0.0,0.0
643,205,car,10.59,1.41
643,231,car,21.19,2.83
643,151,truck,14.98,2.0
644,205,car,23.69,3.16
644,231,car,16.75,2.24
644,151,truck,14.98,2.0
644,268,car,134.0,17.89
645,205,car,16.75,2.24
645,231,car,27.01,3.61
645,151,truck,7.49,1.0
645,268,car,139.94,18.68
645,215,car,64.44,8.6
646,205,car,0.0,0.0
646,231,car,27.01,3.61
646,151,truck,0.0,0.0
646,268,car,251.81,33.62
646,215,car,16.75,2.24
647,205,car,30.89,4.12
647,231,car,16.75,2.24
647,151,truck,7.49,1.0
647,268,car,214.25,28.6
647,215,car,16.75,2.24
648,202,car,128.88,17.2
648,205,car,23.69,3.16
648,231,car,27.01,3.61
648,151,truck,0.0,0.0
648,268,car,170.82,22.8
648,215,car,14.98,2.0
649,202,car,135.04,18.03
649,205,car,7.49,1.0
649,231,car,16.75,2.24
649,151,truck,0.0,0.0
649,268,car,158.91,21.21
649,215,car,27.01,3.61
650,202,car,141.34,18.87
650,205,car,7.49,1.0
650,231,car,16.75,2.24
650,151,truck,0.0,0.0
650,268,car,139.34,18.6
650,215,car,10.59,1.41
651,202,car,166.33,22.2
651,205,car,10.59,1.41
651,231,car,16.75,2.24
651,151,truck,7.49,1.0
651,268,car,132.53,17.69
651,215,car,16.75,2.24
652,202,car,178.69,23.85
652,205,car,23.69,3.16
652,231,car,21.19,2.83
652,151,truck,0.0,0.0
652,268,car,116.53,15.56
652,215,car,27.01,3.61
653,202,car,189.06,25.24
653,205,car,23.69,3.16
653,231,car,21.19,2.83
653,151,truck,7.49,1.0
653,268,car,100.78,13.45
653,215,car,10.59,1.41
654,202,car,197.91,26.42
654,205,car,10.59,1.41
654,231,car,22.47,3.0
654,151,truck,0.0,0.0
654,268,car,111.36,14.87
654,215,car,33.5,4.47
655,202,car,262.07,34.99
655,205,car,7.49,1.0
655,151,truck,7.49,1.0
655,268,car,91.44,12.21
655,215,car,10.59,1.41
656,202,car,206.65,27.59
656,205,car,10.59,1.41
656,151,truck,7.49,1.0
656,268,car,84.75,11.31
656,215,car,10.59,1.41
657,202,car,212.93,28.43
657,205,car,10.59,1.41
657,151,bus,0.0,0.0
657,268,car,112.36,15.0
657,215,car,16.75,2.24
658,205,car,7.49,1.0
658,151,truck,7.49,1.0
658,268,car,85.41,11.4
658,215,car,10.59,1.41
659,205,car,10.59,1.41
659,151,truck,0.0,0.0
659,268,car,64.44,8.6
659,215,car,7.49,1.0
660,205,car,10.59,1.41
660,151,truck,7.49,1.0
660,268,car,64.44,8.6
660,215,car,21.19,2.83
661,205,car,21.19,2.83
661,151,truck,0.0,0.0
661,268,car,58.51,7.81
661,215,car,16.75,2.24
662,205,car,10.59,1.41
662,151,truck,7.49,1.0
662,268,car,69.06,9.22
662,215,car,16.75,2.24
663,205,car,7.49,1.0
663,151,truck,7.49,1.0
663,268,car,47.97,6.4
663,215,car,7.49,1.0
664,205,car,14.98,2.0
664,151,truck,0.0,0.0
664,268,car,58.51,7.81
664,215,car,10.59,1.41
665,205,car,10.59,1.41
665,151,truck,7.49,1.0
665,268,car,58.51,7.81
665,215,car,16.75,2.24
666,205,car,7.49,1.0
666,151,truck,0.0,0.0
666,268,car,52.97,7.07
666,215,car,10.59,1.41
667,205,car,91.13,12.17
667,151,truck,7.49,1.0
667,268,car,42.37,5.66
667,215,car,10.59,1.41
668,205,car,22.47,3.0
668,268,car,42.37,5.66
668,215,car,10.59,1.41
669,205,car,7.49,1.0
669,268,car,58.51,7.81
669,215,car,7.49,1.0
670,205,car,10.59,1.41
670,268,car,37.45,5.0
670,215,car,16.75,2.24
671,205,car,0.0,0.0
671,268,car,37.45,5.0
671,215,car,10.59,1.41
672,205,car,27.01,3.61
672,268,car,37.45,5.0
672,215,car,10.59,1.41
673,205,car,14.98,2.0
673,268,car,33.5,4.47
673,215,car,14.98,2.0
674,205,car,7.49,1.0
674,268,car,52.97,7.07
674,215,car,7.49,1.0
675,205,car,7.49,1.0
675,268,car,27.01,3.61
675,215,car,14.98,2.0
676,205,car,10.59,1.41
676,268,car,31.78,4.24
676,215,car,16.75,2.24
677,205,car,14.98,2.0
677,268,car,27.01,3.61
677,215,car,16.75,2.24
678,205,car,10.59,1.41
678,268,car,27.01,3.61
678,215,car,10.59,1.41
679,205,car,7.49,1.0
679,268,car,37.45,5.0
679,215,car,16.75,2.24
680,205,car,7.49,1.0
680,268,car,27.01,3.61
680,215,car,10.59,1.41
681,205,car,7.49,1.0
681,268,car,33.5,4.47
681,215,car,10.59,1.41
682,205,car,7.49,1.0
682,268,car,27.01,3.61
682,215,car,14.98,2.0
683,205,car,16.75,2.24
683,268,car,21.19,2.83
683,215,car,10.59,1.41
684,205,car,7.49,1.0
684,268,car,21.19,2.83
684,215,car,16.75,2.24
685,205,car,7.49,1.0
685,268,car,31.78,4.24
685,215,car,7.49,1.0
686,268,car,14.98,2.0
686,215,car,10.59,1.41
687,268,car,14.98,2.0
687,215,car,10.59,1.41
688,268,car,16.75,2.24
688,215,car,0.0,0.0
689,268,car,22.47,3.0
689,215,car,16.75,2.24
690,268,car,40.34,5.39
690,215,car,7.49,1.0
691,215,car,10.59,1.41
692,215,car,0.0,0.0
693,215,car,7.49,1.0
694,215,car,7.49,1.0
695,215,car,0.0,0.0
696,215,car,10.59,1.41
697,215,car,10.59,1.41
698,215,car,7.49,1.0
699,215,car,0.0,0.0
700,215,car,10.59,1.41
701,215,car,14.98,2.0
702,215,car,7.49,1.0
703,215,car,14.98,2.0
704,215,car,7.49,1.0
705,215,car,16.75,2.24
706,215,car,0.0,0.0
707,215,car,0.0,0.0
708,215,car,10.59,1.41
709,215,car,21.19,2.83
710,215,car,7.49,1.0
711,215,car,10.59,1.41
712,215,car,0.0,0.0
713,215,car,0.0,0.0
714,215,car,7.49,1.0
715,215,car,10.59,1.41
716,215,car,7.49,1.0
717,215,car,0.0,0.0
