frame_number,tracked_points_count,speed_kph
1,44,1.42
2,41,0.54
3,39,0.23
4,39,0.7
5,38,0.65
6,38,1.58
7,36,0.64
8,35,1.35
9,35,0.92
10,35,0.9
11,57,0.71
12,56,3.04
13,45,1.64
14,45,0.78
15,45,0.65
16,43,6.34
17,41,0.66
18,41,1.09
19,40,3.65
20,39,2.34
21,64,12.01
22,60,4.73
23,59,13.33
24,59,2.53
25,59,24.52
26,59,0.34
27,58,0.18
28,58,0.48
29,58,4.78
30,57,5.08
31,68,0.92
32,68,2.42
33,65,0.8
34,63,1.43
35,62,0.32
36,62,21.07
37,62,0.7
38,61,0.85
39,61,14.19
40,61,6.04
41,70,9.4
42,70,15.07
43,67,14.73
44,66,19.33
45,66,28.8
46,66,37.58
47,61,30.52
48,61,38.92
49,61,54.58
50,61,73.01
51,17,106.61
52,17,112.65
53,17,119.58
54,17,126.31
55,17,134.34
56,17,141.67
57,17,149.56
58,17,159.39
59,17,170.19
60,17,180.94
61,13,166.28
62,13,174.82
63,13,198.5
64,13,199.87
65,13,215.2
66,13,247.83
67,13,257.86
68,13,283.68
69,13,305.74
70,13,335.24
71,64,0.41
72,63,4.81
73,61,1.23
74,60,0.65
75,60,0.29
76,60,0.71
77,60,0.7
78,60,0.47
79,59,0.31
80,59,0.28
81,65,0.36
82,65,0.25
83,65,0.21
84,65,0.44
85,65,0.26
86,65,0.12
87,65,0.99
88,64,1.05
89,64,1.65
90,64,4.79
91,66,5.97
92,66,9.02
93,66,9.63
94,65,14.39
95,65,18.91
96,62,28.53
97,59,27.03
98,59,40.62
99,59,61.5
100,59,68.05
101,17,113.0
102,17,119.17
103,17,126.48
104,17,134.96
105,17,143.4
106,17,152.85
107,17,163.15
108,17,173.92
109,17,185.91
110,17,200.05
111,12,178.39
112,12,191.16
113,12,207.92
114,12,226.27
115,12,244.28
116,12,264.89
117,12,269.79
118,12,295.89
119,12,325.25
120,12,360.46
121,68,0.35
122,68,0.44
123,67,0.17
124,67,0.73
125,67,0.52
126,67,0.45
127,65,0.24
128,64,0.19
129,64,0.18
130,64,0.65
131,70,0.8
132,68,3.92
133,61,1.76
134,61,0.43
135,60,0.43
136,59,1.06
137,59,0.37
138,59,0.38
139,59,0.69
140,57,0.58
141,65,0.13
142,65,0.22
143,65,0.34
144,64,0.63
145,61,0.33
146,61,0.28
147,61,0.33
148,61,0.31
149,61,0.06
150,61,0.16
151,64,0.07
152,64,9.08
153,53,0.76
154,52,0.64
155,51,0.52
156,51,0.18
157,51,0.11
158,51,0.14
159,51,0.45
160,51,0.21
161,64,0.3
162,64,0.47
163,63,0.51
164,63,1.2
165,55,0.36
166,54,0.24
167,53,0.26
168,53,0.9
169,52,0.44
170,51,1.59
171,64,8.27
172,64,8.99
173,63,7.82
174,60,13.17
175,60,16.07
176,60,22.47
177,58,62.2
178,58,51.89
179,58,51.76
180,57,78.62
181,14,121.45
182,14,129.26
183,14,137.55
184,14,146.34
185,14,156.08
186,14,167.1
187,14,178.27
188,14,191.53
189,14,205.66
190,14,221.48
191,4,202.18
192,4,220.32
193,63,65.67
194,61,64.86
195,60,63.89
196,60,49.11
197,59,51.46
198,57,51.63
199,57,51.82
200,57,58.07
201,66,0.88
202,62,0.49
203,61,1.48
204,54,0.59
205,53,1.77
206,53,1.42
207,52,0.3
208,52,0.65
209,51,6.27
210,50,10.21
211,4,42.41
212,4,65.62
213,6,76.28
214,8,94.11
215,6,100.22
216,10,103.28
217,10,109.13
218,10,114.76
219,10,122.56
220,10,128.44
221,20,127.88
222,20,135.6
223,20,143.8
224,20,152.4
225,20,162.5
226,20,173.48
227,20,184.82
228,20,198.39
229,20,212.33
230,20,229.8
231,15,178.67
232,15,192.66
233,15,205.77
234,15,223.69
235,15,240.03
236,15,260.44
237,15,284.71
238,15,310.77
239,15,373.92
240,14,379.67
241,70,0.22
242,68,0.22
243,68,0.44
244,68,0.25
245,68,2.43
246,68,3.1
247,68,8.56
248,68,8.41
249,68,8.1
250,68,10.29
251,65,17.18
252,63,11.36
253,62,11.22
254,60,6.96
255,60,2.3
256,60,4.17
257,60,0.17
258,60,0.17
259,60,0.51
260,60,0.66
261,67,0.29
262,67,0.19
263,67,0.11
264,67,0.37
265,67,0.22
266,67,0.3
267,67,0.25
268,67,0.19
269,67,0.3
270,67,1.36
271,67,0.77
272,65,0.76
273,65,0.85
274,65,0.4
275,65,1.24
276,65,0.51
277,65,6.75
278,65,4.25
279,65,5.7
280,64,5.77
281,69,8.82
282,69,11.22
283,68,14.15
284,61,15.87
285,61,21.91
286,61,36.24
287,60,63.83
288,56,42.98
289,55,50.48
290,55,76.52
291,18,114.48
292,18,120.81
293,18,128.57
294,18,136.53
295,18,145.11
296,18,154.24
297,18,165.35
298,18,177.14
299,18,188.97
300,18,204.15
301,13,177.79
302,13,191.78
303,13,207.3
304,13,225.02
305,13,243.32
306,13,265.21
307,13,288.65
308,13,313.64
309,13,349.87
310,10,365.93
311,65,40.11
312,60,28.69
313,53,19.04
314,53,19.62
315,53,27.63
316,52,15.01
317,52,13.1
318,51,13.77
319,50,6.93
320,50,8.75
321,63,0.43
322,63,0.53
323,63,0.52
324,62,0.27
325,61,0.44
326,61,0.47
327,60,0.32
328,60,0.83
329,60,0.14
330,60,0.2
331,64,0.54
332,63,0.16
333,63,0.44
334,63,0.24
335,62,0.24
336,62,0.68
337,62,0.54
338,62,0.28
339,62,0.29
340,62,0.1
341,66,0.05
342,66,0.23
343,66,0.56
344,66,0.61
345,64,0.16
346,64,0.15
347,64,0.38
348,64,0.11
349,64,0.29
350,64,0.55
351,68,0.25
352,68,0.24
353,68,0.05
354,68,0.35
355,68,0.26
356,68,0.2
357,68,0.1
358,68,0.28
359,68,0.13
360,68,1.52
361,64,10.94
362,56,0.7
363,55,1.34
364,51,0.54
365,51,1.06
366,51,0.67
367,51,0.52
368,51,0.72
369,51,0.76
370,51,0.13
371,65,0.23
372,65,0.27
373,65,0.42
374,65,0.31
375,65,0.17
376,65,0.28
377,64,0.39
378,64,0.09
379,64,0.35
380,64,0.15
381,64,0.37
382,64,0.27
383,64,0.18
384,64,0.35
385,64,0.11
386,64,0.19
387,64,0.14
388,64,0.11
389,64,0.64
390,63,0.31
391,62,0.16
392,62,0.1
393,62,0.61
394,62,0.4
395,61,0.32
396,61,0.33
397,61,0.08
398,61,0.17
399,61,0.63
400,61,0.23
401,65,0.23
402,64,0.06
403,64,0.44
404,64,0.45
405,64,0.19
406,64,0.21
407,64,0.15
408,64,0.27
409,64,0.41
410,64,0.08
411,69,0.31
412,69,0.11
413,69,0.28
414,67,0.15
415,67,0.3
416,67,0.15
417,67,0.23
418,67,0.13
419,67,0.31
420,66,0.09
421,66,0.21
422,66,0.2
423,64,0.32
424,64,0.14
425,64,0.45
426,63,0.15
427,63,0.15
428,63,0.29
429,63,3.02
430,63,1.89
431,63,2.31
432,62,6.31
433,62,2.53
434,62,6.86
435,62,9.37
436,61,14.77
437,56,35.49
438,56,36.11
439,52,55.87
440,52,59.01
441,7,107.74
442,8,111.15
443,12,118.47
444,12,121.4
445,12,129.59
446,12,139.07
447,12,149.74
448,12,158.68
449,12,197.46
450,12,183.19
451,16,171.44
452,16,184.48
453,16,197.9
454,16,214.2
455,16,232.62
456,16,253.39
457,16,276.66
458,16,303.87
459,16,332.67
460,14,373.53
461,59,1.91
462,54,2.2
463,52,5.05
464,46,1.84
465,44,0.9
466,42,0.72
467,41,1.38
468,41,0.23
469,41,0.62
470,41,1.25
471,61,0.55
472,59,2.14
473,56,29.85
474,31,2.9
475,28,5.81
476,28,2.25
477,27,3.59
478,25,1.09
479,25,4.44
480,21,2.66
481,65,0.91
482,64,3.5
483,58,5.51
484,57,2.28
485,57,8.75
486,56,4.09
487,54,19.06
488,53,3.72
489,53,10.8
490,53,10.64
491,69,14.07
492,69,31.8
493,69,15.29
494,68,31.45
495,66,25.65
496,65,24.52
497,65,36.62
498,64,45.76
499,63,67.72
500,62,44.53
501,62,55.51
502,60,7.54
503,60,12.09
504,56,2.73
505,56,48.6
506,55,1.37
507,55,2.12
508,55,1.95
509,55,1.95
510,54,0.77
511,71,0.71
512,67,0.35
513,67,0.93
514,66,0.41
515,66,0.91
516,66,1.14
517,66,1.12
518,66,2.09
519,64,2.18
520,61,4.33
521,68,1.19
522,63,3.58
523,60,5.9
524,58,3.86
525,54,2.32
526,53,0.67
527,53,2.63
528,52,2.0
529,48,2.37
530,48,0.49
531,64,2.01
532,60,2.14
533,56,0.56
534,56,1.54
535,55,1.25
536,54,1.13
537,53,1.36
538,53,0.48
539,53,0.81
540,52,2.16
541,66,0.25
542,66,0.24
543,66,0.55
544,65,0.55
545,64,0.3
546,64,0.47
547,64,0.47
548,64,0.4
549,64,0.28
550,64,0.17
551,61,0.47
552,61,0.19
553,61,1.55
554,56,1.24
555,55,0.7
556,55,0.34
557,55,0.45
558,55,0.33
559,55,0.36
560,55,0.52
561,61,0.87
562,61,0.55
563,61,0.54
564,61,0.34
565,61,0.66
566,61,0.56
567,61,0.56
568,61,0.28
569,61,0.25
570,61,0.67
571,58,0.24
572,58,0.3
573,58,0.25
574,58,0.31
575,58,0.41
576,58,0.67
577,58,0.35
578,58,0.17
579,58,0.11
580,58,0.16
581,65,0.26
582,65,0.15
583,65,1.88
584,65,4.07
585,64,3.49
586,63,6.3
587,62,7.01
588,62,16.51
589,62,25.51
590,62,59.58
591,0,0
592,1,164.26
593,0,0
594,12,37.19
595,12,21.99
596,12,17.39
597,12,8.62
598,12,0.65
599,12,8.26
600,12,1.22
601,68,3.03
602,65,0.62
603,63,0.56
604,63,1.27
605,63,1.06
606,63,0.54
607,63,1.2
608,63,0.74
609,61,0.3
610,61,0.94
611,63,0.55
612,63,1.59
613,61,1.86
614,60,1.04
615,60,1.21
616,60,0.67
617,60,0.48
618,60,0.19
619,60,0.68
620,59,1.01
621,71,0.42
622,71,0.6
623,71,0.3
624,71,1.05
625,71,0.76
626,71,1.55
627,71,8.43
628,71,3.64
629,71,8.88
630,71,13.6
631,1,99.74
632,2,101.14
633,4,96.83
634,4,104.5
635,9,102.72
636,10,108.13
637,10,113.74
638,10,120.35
639,10,128.98
640,10,137.06
641,20,142.24
642,20,151.27
643,20,161.92
644,20,173.95
645,20,185.87
646,20,199.91
647,20,217.15
648,20,235.17
649,20,255.61
650,20,279.45
651,57,85.22
652,57,106.1
653,56,83.9
654,55,72.8
655,54,66.05
656,53,62.64
657,53,70.69
658,52,70.97
659,44,0.46
660,44,0.52
661,67,0.5
662,67,1.02
663,67,0.47
664,67,0.87
665,65,0.49
666,65,0.27
667,65,0.64
668,65,0.54
669,65,0.44
670,65,0.34
671,66,0.37
672,66,0.4
673,66,0.46
674,66,0.54
675,66,0.43
676,66,0.43
677,65,0.43
678,64,0.71
679,64,0.95
680,64,0.5
681,66,1.02
682,66,0.44
683,66,0.2
684,66,0.4
685,66,0.43
686,66,0.6
687,66,0.42
688,66,0.33
689,66,0.19
690,66,1.86
691,63,0.63
692,63,0.76
693,63,0.52
694,63,1.61
695,63,0.27
696,62,2.39
697,62,4.62
698,62,3.57
699,62,5.88
700,62,4.05
701,67,9.55
702,67,12.23
703,67,18.98
704,64,14.77
705,62,40.53
706,62,31.53
707,60,40.1
708,59,25.69
709,55,34.4
710,55,64.86
711,16,80.49
712,16,82.28
713,16,86.66
714,16,91.03
715,16,93.79
716,16,98.73
717,16,103.91
718,16,108.5
719,16,114.47
720,16,120.28
721,37,116.36
722,37,122.75
723,37,128.99
724,37,135.9
725,37,143.51
726,37,152.62
727,37,161.32
728,37,172.06
729,37,182.9
730,37,195.42
731,21,126.01
732,21,134.18
733,21,142.58
734,21,151.18
735,21,162.2
736,21,172.9
737,21,184.31
738,21,199.74
739,21,214.2
740,20,226.11
741,7,113.51
742,6,117.2
743,6,123.05
744,4,126.18
745,4,123.5
746,5,96.55
747,9,98.31
748,64,80.98
749,63,86.67
750,63,115.62
751,63,101.94
752,61,79.32
753,55,76.71
754,54,79.54
755,51,104.62
756,47,126.01
757,46,102.05
758,45,110.43
759,45,113.71
760,44,140.53
761,66,8.58
762,64,10.83
763,60,2.14
764,60,2.03
765,58,1.11
766,58,1.31
767,58,1.33
768,56,1.06
769,56,0.93
770,56,0.85
771,70,0.71
772,70,0.43
773,70,0.5
774,70,1.1
775,70,0.27
776,68,0.53
777,68,1.16
778,68,1.07
779,67,0.23
780,66,0.37
781,67,0.26
782,67,0.43
783,67,0.34
784,67,0.14
785,67,0.36
786,65,0.31
787,64,0.2
788,64,0.14
789,64,0.13
790,64,0.27
791,67,0.26
792,67,0.15
793,67,15.23
794,50,1.26
795,48,0.68
796,47,0.96
797,47,0.78
798,47,0.31
799,47,0.48
800,47,0.49
801,62,0.46
802,59,0.22
803,59,0.55
804,56,0.52
805,55,1.37
806,54,22.59
807,53,2.85
808,53,4.06
809,53,15.37
810,52,11.81
811,2,103.39
