frame_number,tracked_points_count,avg_pixel_speed_per_frame,speed_kph
1,1,0.0,0.05
2,1,0.1,1.08
3,1,0.0,0.0
4,1,0.04,0.44
5,1,0.01,0.08
6,1,0.0,0.04
7,1,0.0,0.05
8,1,0.0,0.01
9,1,0.02,0.17
10,1,0.0,0.05
11,1,0.0,0.0
12,1,0.01,0.13
13,1,0.01,0.13
14,1,0.0,0.02
15,1,0.0,0.01
16,1,0.0,0.02
17,1,0.0,0.0
18,1,0.0,0.01
19,1,0.0,0.05
20,1,0.0,0.03
21,1,0.0,0.01
22,1,0.0,0.02
23,1,0.01,0.11
24,1,0.0,0.02
25,1,0.01,0.06
26,1,0.01,0.12
27,1,0.0,0.04
28,1,0.0,0.02
29,1,0.0,0.01
30,1,0.0,0.04
31,1,0.0,0.01
32,1,0.0,0.02
33,1,0.0,0.03
34,1,0.0,0.02
35,1,0.0,0.05
36,1,0.0,0.02
37,1,0.0,0.01
38,1,0.0,0.02
39,1,0.0,0.01
40,1,0.1,1.04
41,1,0.0,0.03
42,1,0.0,0.05
43,1,0.0,0.03
44,1,0.09,0.97
45,1,0.0,0.01
46,1,0.0,0.0
47,1,0.0,0.0
48,1,0.0,0.0
49,1,0.0,0.0
50,1,0.0,0.01
51,1,0.01,0.07
52,1,0.04,0.4
53,1,2.54,27.48
54,1,10.08,108.84
55,1,12.15,131.25
56,1,13.63,147.2
57,1,14.84,160.31
58,1,7.37,79.63
59,1,14.77,159.47
60,1,15.92,171.91
61,1,0.04,0.49
62,1,0.0,0.01
63,1,0.0,0.0
64,1,0.0,0.01
65,1,0.01,0.1
66,1,0.05,0.59
67,1,0.05,0.51
68,1,0.0,0.01
69,1,0.0,0.01
70,1,0.0,0.01
71,1,0.0,0.03
72,1,0.09,1.02
73,1,0.0,0.01
74,1,0.02,0.17
75,1,0.03,0.28
76,1,0.0,0.01
77,1,0.13,1.38
78,1,0.01,0.06
79,1,0.0,0.01
80,1,0.0,0.01
81,1,0.0,0.01
82,1,0.02,0.19
83,1,0.0,0.0
84,1,0.0,0.0
85,1,0.0,0.05
86,1,0.0,0.03
87,1,0.0,0.0
88,1,0.0,0.0
89,1,0.0,0.01
90,1,0.05,0.53
91,1,0.0,0.0
92,1,0.0,0.0
93,1,0.0,0.02
94,1,0.0,0.01
95,1,0.0,0.0
96,1,0.0,0.04
97,1,0.0,0.0
98,1,0.0,0.0
99,1,0.0,0.0
100,1,0.0,0.02
101,1,0.0,0.03
102,1,0.06,0.6
103,1,0.16,1.7
104,1,9.48,102.4
105,1,12.92,139.53
106,1,14.8,159.87
107,1,13.85,149.62
108,1,11.25,121.44
109,1,14.65,158.24
110,1,18.2,196.5
111,1,19.49,210.51
112,1,19.52,210.83
113,1,19.65,212.24
114,1,23.48,253.59
115,1,22.41,242.04
116,0,0,0
117,1,0.0,0.01
118,1,0.0,0.01
119,1,0.01,0.16
120,1,0.0,0.0
121,1,0.07,0.72
122,1,0.01,0.09
123,1,0.08,0.9
124,1,0.0,0.01
125,1,0.0,0.0
126,1,0.0,0.02
127,1,0.08,0.91
128,1,0.0,0.03
129,1,0.0,0.01
130,1,0.08,0.91
131,1,0.02,0.24
132,1,0.14,1.49
133,1,0.0,0.01
134,1,0.0,0.02
135,1,0.06,0.64
136,1,0.03,0.31
137,1,0.0,0.01
138,1,0.1,1.1
139,1,0.0,0.04
140,1,0.0,0.01
141,1,0.0,0.03
142,1,0.0,0.01
143,1,0.12,1.32
144,1,0.0,0.02
145,1,0.0,0.01
146,1,0.0,0.02
147,1,0.0,0.0
148,1,0.0,0.02
149,1,0.0,0.0
150,1,0.0,0.02
151,1,0.0,0.0
152,1,0.01,0.11
153,1,0.0,0.01
154,1,0.0,0.03
155,1,0.0,0.01
156,1,0.0,0.03
157,1,0.0,0.01
158,1,0.0,0.01
159,1,0.0,0.0
160,1,0.0,0.01
161,1,0.0,0.0
162,1,0.0,0.01
163,1,0.02,0.21
164,1,0.0,0.03
165,1,0.0,0.01
166,1,0.09,0.99
167,1,0.05,0.5
168,1,0.0,0.01
169,1,0.0,0.0
170,1,0.0,0.02
171,1,0.0,0.01
172,1,0.0,0.0
173,1,0.0,0.01
174,1,0.0,0.01
175,1,0.0,0.04
176,1,0.0,0.04
177,1,0.0,0.0
178,1,0.0,0.02
179,1,0.0,0.01
180,1,0.0,0.0
181,1,0.0,0.01
182,1,0.0,0.05
183,1,0.42,4.56
184,1,6.82,73.67
185,1,13.02,140.66
186,1,14.82,160.02
187,1,16.28,175.86
188,1,17.56,189.61
189,1,17.48,188.79
190,1,18.19,196.42
191,1,20.22,218.41
192,1,22.32,241.04
193,1,24.62,265.84
194,1,26.18,282.76
195,0,0,0
196,1,0.0,0.01
197,1,0.0,0.02
198,1,0.0,0.0
199,1,0.01,0.1
200,1,0.04,0.43
201,1,0.0,0.03
202,1,0.0,0.04
203,1,0.0,0.01
204,1,0.0,0.02
205,1,0.0,0.0
206,1,0.0,0.0
207,1,0.0,0.0
208,1,0.0,0.0
209,1,0.0,0.0
210,1,0.0,0.03
211,1,0.0,0.01
212,1,0.0,0.05
213,1,0.0,0.01
214,1,0.0,0.03
215,1,0.0,0.01
216,1,0.01,0.06
217,1,0.0,0.01
218,1,0.01,0.07
219,1,0.0,0.0
220,1,0.02,0.19
221,1,2.24,24.24
222,1,11.7,126.34
223,1,12.28,132.67
224,1,14.72,158.93
225,1,12.19,131.67
226,1,11.13,120.25
227,1,14.69,158.69
228,1,16.24,175.39
229,1,17.96,193.96
230,1,18.59,200.76
231,1,19.45,210.05
232,1,21.25,229.52
233,1,24.93,269.26
234,1,29.94,323.34
235,0,0,0
236,1,0.03,0.3
237,1,0.01,0.11
238,1,0.0,0.02
239,1,0.0,0.0
240,1,0.0,0.01
241,5,6.63,71.59
242,5,6.99,75.51
243,5,7.45,80.41
244,5,7.96,85.98
245,5,8.49,91.68
246,5,9.1,98.29
247,5,9.75,105.32
248,5,10.45,112.84
249,5,11.35,122.52
250,5,12.23,132.06
251,5,13.15,142.05
252,5,14.25,153.94
253,5,15.93,172.06
254,5,17.15,185.26
255,5,18.89,204.02
256,5,20.67,223.26
257,2,11.0,118.83
258,2,13.78,148.82
259,2,15.31,165.36
260,2,5.58,60.25
261,2,17.25,186.29
262,2,0.34,3.68
263,1,0.0,0.0
264,1,0.02,0.25
265,1,0.0,0.0
266,1,0.0,0.0
267,1,0.0,0.0
268,1,0.09,0.93
269,1,0.0,0.0
270,1,0.01,0.06
271,1,0.11,1.18
272,1,0.0,0.02
273,1,0.08,0.85
274,1,0.0,0.0
275,1,0.0,0.03
276,1,0.0,0.02
277,1,0.03,0.28
278,1,0.09,0.92
279,1,0.0,0.0
280,1,0.0,0.02
281,1,0.0,0.02
282,1,0.05,0.55
283,1,0.0,0.04
284,1,0.0,0.04
285,1,0.41,4.48
286,1,0.73,7.9
287,1,0.05,0.56
288,1,0.05,0.55
289,1,0.02,0.25
290,1,0.02,0.18
291,1,0.01,0.07
292,1,0.0,0.02
293,1,0.04,0.4
294,1,4.9,52.93
295,1,12.63,136.37
296,1,13.57,146.54
297,1,22.24,240.21
298,1,16.37,176.81
299,1,17.03,183.87
300,1,15.93,172.04
301,3,9.36,101.1
302,3,9.98,107.81
303,3,10.67,115.22
304,3,11.33,122.36
305,3,12.12,130.84
306,3,13.17,142.2
307,3,13.89,150.02
308,3,15.14,163.52
309,3,16.22,175.22
310,3,17.89,193.2
311,3,19.57,211.32
312,3,21.38,230.93
313,3,23.45,253.25
314,3,25.87,279.38
315,2,25.94,280.19
316,1,23.51,253.9
317,0,0,0
318,1,0.0,0.03
319,1,0.05,0.58
320,1,0.23,2.47
321,1,0.03,0.33
322,1,0.01,0.14
323,1,0.0,0.01
324,1,0.02,0.24
325,1,0.0,0.0
326,1,0.0,0.01
327,1,0.0,0.01
328,1,0.0,0.02
329,1,0.0,0.0
330,1,0.05,0.52
331,1,0.01,0.07
332,1,0.01,0.09
333,1,0.01,0.07
334,1,0.0,0.02
335,1,0.0,0.02
336,1,0.0,0.02
337,1,0.0,0.02
338,1,0.0,0.03
339,1,0.0,0.02
340,1,0.0,0.03
341,1,0.01,0.11
342,1,0.04,0.43
343,1,0.08,0.92
344,1,0.0,0.0
345,1,0.0,0.03
346,1,0.0,0.01
347,1,0.0,0.01
348,1,0.02,0.18
349,1,0.0,0.01
350,1,0.0,0.03
351,1,0.0,0.02
352,1,0.0,0.01
353,1,0.0,0.0
354,1,0.02,0.21
355,1,0.01,0.1
356,1,0.0,0.01
357,1,0.0,0.02
358,1,0.0,0.01
359,1,0.0,0.01
360,1,0.02,0.25
361,1,0.02,0.18
362,1,0.02,0.19
363,1,0.0,0.05
364,1,0.01,0.13
365,1,0.0,0.01
366,1,0.0,0.01
367,1,0.0,0.0
368,1,0.0,0.01
369,1,0.0,0.02
370,1,0.0,0.0
371,1,0.0,0.01
372,1,0.0,0.0
373,1,0.0,0.0
374,1,0.03,0.35
375,1,0.0,0.03
376,1,0.02,0.22
377,1,0.0,0.01
378,1,0.0,0.01
379,1,0.0,0.0
380,1,0.0,0.0
381,1,0.0,0.0
382,1,0.0,0.01
383,1,0.0,0.0
384,1,0.01,0.15
385,1,0.0,0.01
386,1,0.0,0.01
387,1,0.0,0.0
388,1,0.0,0.0
389,1,0.0,0.01
390,1,0.0,0.0
391,1,0.0,0.01
392,1,0.0,0.0
393,1,0.0,0.01
394,1,0.0,0.0
395,1,0.0,0.0
396,1,0.0,0.01
397,1,0.0,0.0
398,1,0.0,0.0
399,1,0.0,0.0
400,1,0.0,0.0
401,1,0.0,0.0
402,1,0.0,0.0
403,1,0.0,0.01
404,1,0.08,0.82
405,1,0.01,0.05
406,1,0.0,0.0
407,1,0.0,0.0
408,1,0.0,0.01
409,1,0.08,0.86
410,1,0.0,0.01
411,1,0.0,0.01
412,1,0.0,0.01
413,1,0.0,0.01
414,1,0.0,0.0
415,1,0.0,0.02
416,1,0.0,0.0
417,1,0.0,0.01
418,1,0.0,0.0
419,1,0.0,0.0
420,1,0.0,0.0
421,1,0.0,0.0
422,1,0.0,0.0
423,1,0.0,0.01
424,1,0.0,0.0
425,1,0.01,0.13
426,1,0.02,0.17
427,1,0.0,0.0
428,1,0.0,0.0
429,1,0.0,0.0
430,1,0.0,0.0
431,1,0.0,0.0
432,1,0.0,0.0
433,1,0.11,1.21
434,1,0.09,0.94
435,1,0.08,0.83
436,1,0.2,2.11
437,1,0.0,0.02
438,1,0.0,0.01
439,1,0.0,0.03
440,1,0.01,0.13
441,1,0.34,3.68
442,1,0.19,2.04
443,1,0.1,1.08
444,1,0.35,3.8
445,1,0.24,2.62
446,1,0.36,3.92
447,1,1.61,17.38
448,1,12.71,137.28
449,1,14.21,153.44
450,1,27.06,292.24
451,5,15.31,165.34
452,5,16.64,179.66
453,5,18.15,196.06
454,5,18.96,204.79
455,5,22.08,238.47
456,5,24.31,262.53
457,5,27.11,292.77
458,4,24.38,263.31
459,3,35.26,380.81
460,2,30.36,327.85
461,1,27.51,297.05
462,0,0,0
463,1,0.02,0.19
464,1,0.26,2.84
465,1,0.0,0.01
466,1,0.0,0.02
467,1,0.03,0.36
468,1,0.22,2.38
469,1,0.18,1.97
470,1,0.0,0.03
471,1,0.0,0.0
472,1,0.0,0.0
473,1,0.24,2.61
474,1,0.02,0.24
475,1,0.29,3.11
476,1,0.01,0.08
477,1,0.02,0.22
478,1,0.01,0.12
479,1,0.1,1.03
480,1,0.17,1.85
481,1,0.13,1.42
482,1,0.0,0.04
483,1,0.01,0.1
484,1,0.0,0.01
485,1,0.0,0.0
486,1,0.03,0.36
487,1,0.08,0.91
488,1,0.1,1.1
489,1,0.01,0.15
490,1,0.12,1.31
491,1,0.14,1.52
492,1,0.0,0.04
493,1,0.18,1.96
494,1,7.31,78.94
495,1,16.08,173.67
496,1,17.49,188.84
497,1,20.37,219.97
498,1,21.34,230.45
499,1,23.63,255.2
500,1,26.35,284.58
501,1,28.7,309.99
502,1,33.37,360.41
503,0,0,0
504,1,0.0,0.01
505,1,0.13,1.43
506,1,0.01,0.08
507,1,0.0,0.03
508,1,0.01,0.1
509,1,0.0,0.0
510,1,0.0,0.03
511,1,0.0,0.03
512,1,0.0,0.01
513,1,0.0,0.0
514,1,0.0,0.04
515,1,0.0,0.0
516,1,0.19,2.09
517,1,0.08,0.82
518,1,0.0,0.04
519,1,0.0,0.02
520,1,0.07,0.8
521,1,0.12,1.3
522,1,0.01,0.07
523,1,0.05,0.56
524,1,0.0,0.01
525,1,0.0,0.0
526,1,0.01,0.11
527,1,0.0,0.0
528,1,0.06,0.61
529,1,0.0,0.01
530,1,0.0,0.01
531,1,0.02,0.18
532,1,0.04,0.38
533,1,0.06,0.64
534,1,0.0,0.02
535,1,0.1,1.04
536,1,0.0,0.02
537,1,0.06,0.6
538,1,0.04,0.42
539,1,0.07,0.73
540,1,0.0,0.04
541,1,0.0,0.01
542,1,0.0,0.01
543,1,0.0,0.0
544,1,0.0,0.0
545,1,0.0,0.01
546,1,0.0,0.0
547,1,0.0,0.0
548,1,0.09,0.93
549,1,0.09,0.95
550,1,0.0,0.05
551,1,0.0,0.0
552,1,0.0,0.01
553,1,0.13,1.37
554,1,0.02,0.25
555,1,0.19,2.07
556,1,0.02,0.24
557,1,0.09,0.92
558,1,0.0,0.02
559,1,0.0,0.01
560,1,0.0,0.0
561,1,0.0,0.0
562,1,0.0,0.0
563,1,0.0,0.0
564,1,0.0,0.0
565,1,0.0,0.0
566,1,0.01,0.11
567,1,0.0,0.02
568,1,0.0,0.0
569,1,0.0,0.0
570,1,0.0,0.0
571,1,0.03,0.28
572,1,0.0,0.0
573,1,0.0,0.0
574,1,0.0,0.05
575,1,0.0,0.01
576,1,0.1,1.03
577,1,0.07,0.81
578,1,0.0,0.03
579,1,0.0,0.0
580,1,0.07,0.8
581,1,0.0,0.02
582,1,0.0,0.0
583,1,0.0,0.0
584,1,0.05,0.55
585,1,0.0,0.02
586,1,0.0,0.01
587,1,0.0,0.0
588,1,0.0,0.02
589,1,0.24,2.65
590,1,15.47,167.09
591,1,17.47,188.63
592,1,19.81,213.96
593,1,21.59,233.16
594,1,23.99,259.09
595,1,26.56,286.82
596,1,22.41,242.03
597,1,32.06,346.24
598,1,36.32,392.24
599,1,33.0,356.43
600,1,22.88,247.07
601,1,0.0,0.02
602,1,0.0,0.0
603,1,0.06,0.69
604,1,0.0,0.01
605,1,0.0,0.01
606,1,0.0,0.0
607,1,0.01,0.12
608,1,0.03,0.28
609,1,0.0,0.04
610,1,0.01,0.07
611,1,0.01,0.06
612,1,0.01,0.07
613,1,0.04,0.38
614,1,0.02,0.27
615,1,0.01,0.06
616,1,0.02,0.2
617,1,0.02,0.24
618,1,0.02,0.2
619,1,0.09,1.01
620,1,0.13,1.37
621,1,0.01,0.12
622,1,0.0,0.01
623,1,0.27,2.9
624,1,0.15,1.64
625,1,0.12,1.3
626,1,0.28,3.06
627,1,0.01,0.16
628,1,0.0,0.02
629,1,0.0,0.01
630,1,0.14,1.53
631,1,0.16,1.75
632,1,0.0,0.03
633,1,0.07,0.78
634,1,0.0,0.05
635,1,0.0,0.03
636,1,0.08,0.86
637,1,0.26,2.83
638,1,0.07,0.78
639,1,0.07,0.73
640,1,10.0,107.96
641,1,13.46,145.38
642,1,15.6,168.49
643,1,16.4,177.14
644,1,17.93,193.63
645,1,19.05,205.76
646,1,22.82,246.43
647,1,21.41,231.23
648,1,23.05,248.94
649,1,23.63,255.15
650,1,29.88,322.69
651,0,0,0
652,1,0.0,0.03
653,1,0.0,0.04
654,1,0.07,0.72
655,1,0.0,0.02
656,1,0.0,0.05
657,1,0.12,1.32
658,1,0.0,0.0
659,1,0.0,0.0
660,1,0.0,0.0
661,1,0.0,0.02
662,1,0.09,1.0
663,1,0.02,0.17
664,1,0.0,0.02
665,1,0.06,0.64
666,1,0.08,0.84
667,1,0.1,1.08
668,1,0.0,0.01
669,1,0.06,0.66
670,1,0.0,0.01
671,1,0.0,0.0
672,1,0.12,1.27
673,1,0.02,0.17
674,1,0.04,0.41
675,1,0.0,0.0
676,1,0.01,0.14
677,1,0.0,0.02
678,1,0.0,0.01
679,1,0.0,0.03
680,1,0.0,0.01
681,1,0.06,0.66
682,1,0.01,0.06
683,1,0.01,0.08
684,1,0.01,0.06
685,1,0.01,0.08
686,1,0.02,0.2
687,1,0.01,0.07
688,1,0.0,0.0
689,1,0.0,0.0
690,1,0.0,0.01
691,1,0.0,0.01
692,1,0.0,0.0
693,1,0.0,0.0
694,1,0.0,0.0
695,1,0.0,0.0
696,1,0.0,0.0
697,1,0.0,0.0
698,1,0.0,0.0
699,1,0.0,0.02
700,1,0.0,0.0
701,1,0.01,0.08
702,1,0.05,0.59
703,1,0.0,0.05
704,1,0.0,0.02
705,1,0.01,0.1
706,1,0.0,0.04
707,1,0.0,0.0
708,1,0.0,0.0
709,1,0.0,0.0
710,1,0.0,0.01
711,1,0.0,0.0
712,1,0.0,0.01
713,1,0.01,0.12
714,1,0.01,0.13
715,1,0.01,0.15
716,1,4.81,51.98
717,1,9.78,105.57
718,1,9.71,104.82
719,1,11.07,119.51
720,1,11.46,123.75
721,1,7.96,85.92
722,1,8.71,94.07
723,1,8.82,95.28
724,1,9.49,102.45
725,1,9.7,104.78
726,1,10.67,115.19
727,1,10.8,116.62
728,1,11.84,127.83
729,1,12.34,133.22
730,1,13.18,142.34
731,1,14.04,151.6
732,1,15.04,162.39
733,1,16.04,173.21
734,1,17.02,183.8
735,0,0,0
736,1,6.89,74.36
737,1,7.18,77.59
738,1,7.69,83.02
739,1,8.11,87.56
740,1,8.13,87.85
741,1,8.85,95.58
742,1,9.25,99.87
743,1,9.58,103.51
744,1,10.36,111.84
745,1,10.89,117.62
746,1,11.14,120.32
747,1,12.21,131.87
748,1,13.08,141.21
749,1,13.53,146.12
750,1,14.8,159.88
751,1,0.06,0.63
752,1,0.0,0.05
753,1,0.0,0.02
754,1,0.02,0.25
755,1,0.06,0.64
756,1,0.1,1.13
757,1,0.0,0.01
758,1,0.02,0.18
759,1,0.09,0.94
760,1,0.09,1.0
761,1,0.05,0.56
762,1,0.02,0.18
763,1,0.01,0.15
764,1,0.03,0.29
765,1,0.0,0.01
766,1,0.0,0.03
767,1,0.0,0.02
768,1,0.03,0.36
769,1,0.11,1.15
770,1,0.0,0.02
771,1,0.0,0.01
772,1,0.0,0.0
773,1,0.0,0.0
774,1,0.0,0.0
775,1,0.0,0.0
776,1,0.0,0.0
777,1,0.0,0.0
778,1,0.01,0.1
779,1,0.0,0.04
780,1,0.0,0.02
781,1,0.0,0.01
782,1,0.0,0.0
783,1,0.0,0.0
784,1,0.0,0.0
785,1,0.0,0.0
786,1,0.09,1.0
787,1,0.0,0.01
788,1,0.0,0.0
789,1,0.15,1.64
790,1,0.0,0.02
791,1,0.27,2.89
792,1,0.0,0.0
793,1,0.18,1.98
794,1,0.0,0.03
795,1,0.13,1.38
796,1,0.0,0.01
797,1,0.02,0.27
798,1,0.02,0.21
799,1,0.06,0.7
800,1,0.09,0.96
801,1,0.0,0.02
802,1,0.0,0.01
803,1,0.09,0.95
804,1,0.0,0.02
805,1,0.0,0.0
806,1,0.0,0.01
807,1,0.0,0.0
808,1,0.0,0.01
809,1,0.0,0.0
810,1,0.01,0.09
811,2,4.3,46.45
